{
  "visitors": [
    {
      "name": "Quico",
      "password": "Pereira",
      "email": "mmguebo@gmail.com",
      "id": "1"
    },
    {
      "name": "Elver",
      "password": "Galarga",
      "email": "zzgry555@gmail.com",
      "id": "2"
    },
    {
      "id": "dbde",
      "name": "miguel",
      "password": "22222222",
      "email": "seme@gmail.com"
    }
  ],
  "events": [
    {
      "name": "100 años de soledad",
      "description": "GGM",
      "capacity": "1000",
      "date": "2023-10-01",
      "id": "1"
    },
    {
      "name": "Mega orgia",
      "description": "La orgia del siglo",
      "capacity": "100",
      "date": "2024-10-01",
      "id": "2"
    }
  ],
  "admin": [
    {
      "name": "Terrenos",
      "password": "mesa",
      "email": "zzgry555@gmail.com",
      "id": "2"
    },
    {
      "name": "Pepe",
      "password": "Anuel",
      "email": "zzgry555@gmail.com",
      "id": "3"
    }
  ]
}